neuron,raw_label,nt,sign
ADAL,Glu,Glu,excitatory
ADAR,Glu,Glu,excitatory
ADEL,DA,DA,modulatory
ADER,DA,DA,modulatory
ADFL,ACh,ACh,excitatory
ADFR,ACh,ACh,excitatory
ADLL,Glu,Glu,excitatory
ADLR,Glu,Glu,excitatory
AFDL,Glu,Glu,excitatory
AFDR,Glu,Glu,excitatory
AIAL,ACh,ACh,excitatory
AIAR,ACh,ACh,excitatory
AIBL,Glu,Glu,excitatory
AIBR,Glu,Glu,excitatory
AIML,Glu,Glu,excitatory
AIMR,Glu,Glu,excitatory
AINL,ACh,ACh,excitatory
AINR,ACh,ACh,excitatory
AIYL,ACh,ACh,excitatory
AIYR,ACh,ACh,excitatory
AIZL,Glu,Glu,excitatory
AIZR,Glu,Glu,excitatory
ALA,GABA,GABA,inhibitory
ALML,Glu,Glu,excitatory
ALMR,Glu,Glu,excitatory
ALNL,ACh,ACh,excitatory
ALNR,ACh,ACh,excitatory
AQR,Glu,Glu,excitatory
AS1,ACh,ACh,excitatory
AS2,ACh,ACh,excitatory
AS3,ACh,ACh,excitatory
AS4,ACh,ACh,excitatory
AS5,ACh,ACh,excitatory
AS6,ACh,ACh,excitatory
AS7,ACh,ACh,excitatory
AS8,ACh,ACh,excitatory
AS9,ACh,ACh,excitatory
AS10,ACh,ACh,excitatory
AS11,ACh,ACh,excitatory
ASEL,Glu,Glu,excitatory
ASER,Glu,Glu,excitatory
ASGL,Glu,Glu,excitatory
ASGR,Glu,Glu,excitatory
ASHL,Glu,Glu,excitatory
ASHR,Glu,Glu,excitatory
ASIL,*betaine (uptake) - NEW,BTA,modulatory
ASIR,*betaine (uptake) - NEW,BTA,modulatory
ASJL,ACh,ACh,excitatory
ASJR,ACh,ACh,excitatory
ASKL,Glu,Glu,excitatory
ASKR,Glu,Glu,excitatory
AUAL,Glu,Glu,excitatory
AUAR,Glu,Glu,excitatory
AVAL,ACh,ACh,excitatory
AVAR,ACh,ACh,excitatory
AVBL,ACh,ACh,excitatory
AVBR,ACh,ACh,excitatory
AVDL,ACh,ACh,excitatory
AVDR,ACh,ACh,excitatory
AVEL,ACh,ACh,excitatory
AVER,ACh,ACh,excitatory
AVFL,GABA (uptake),GABA,inhibitory
AVFR,GABA (uptake),GABA,inhibitory
AVG,*ACh,ACh,excitatory
AVHL,unknown (orphan),UNK,modulatory
AVHR,unknown (orphan),UNK,modulatory
AVJL,*GABA,GABA,inhibitory
AVJR,*GABA,GABA,inhibitory
AVKL,"unknown (orphan, unc-47 expression)",UNK,modulatory
AVKR,"unknown (orphan, unc-47 expression)",UNK,modulatory
AVL,GABA,GABA,inhibitory
AVM,Glu,Glu,excitatory
AWAL,*ACh - NEW,ACh,excitatory
AWAR,*ACh - NEW,ACh,excitatory
AWBL,ACh,ACh,excitatory
AWBR,ACh,ACh,excitatory
AWCL,Glu,Glu,excitatory
AWCR,Glu,Glu,excitatory
BAGL,Glu,Glu,excitatory
BAGR,Glu,Glu,excitatory
BDUL,unknown (orphan),UNK,modulatory
BDUR,unknown (orphan),UNK,modulatory
CANL,betaine (uptake),BTA,modulatory
CANR,betaine (uptake),BTA,modulatory
CEPDL,DA,DA,modulatory
CEPDR,DA,DA,modulatory
CEPVL,DA,DA,modulatory
CEPVR,DA,DA,modulatory
DA1,ACh,ACh,excitatory
DA2,ACh,ACh,excitatory
DA3,ACh,ACh,excitatory
DA4,ACh,ACh,excitatory
DA5,ACh,ACh,excitatory
DA6,ACh,ACh,excitatory
DA7,ACh,ACh,excitatory
DA8,ACh,ACh,excitatory
DA9,ACh,ACh,excitatory
DB1/3,ACh,ACh,excitatory
DB2,ACh,ACh,excitatory
DB3/1,ACh,ACh,excitatory
DB4,ACh,ACh,excitatory
DB5,ACh,ACh,excitatory
DB6,ACh,ACh,excitatory
DB7,ACh,ACh,excitatory
DD1,GABA,GABA,inhibitory
DD2,GABA,GABA,inhibitory
DD3,GABA,GABA,inhibitory
DD4,GABA,GABA,inhibitory
DD5,GABA,GABA,inhibitory
DD6,GABA,GABA,inhibitory
DVA,ACh,ACh,excitatory
DVB,GABA,GABA,inhibitory
DVC,Glu,Glu,excitatory
FLPL,Glu,Glu,excitatory
FLPR,Glu,Glu,excitatory
HSNL,ACh,ACh,excitatory
HSNR,ACh,ACh,excitatory
I1L,ACh,ACh,excitatory
I1R,ACh,ACh,excitatory
I2L,Glu,Glu,excitatory
I2R,Glu,Glu,excitatory
I3,ACh,ACh,excitatory
I4,*Glu - NEW,Glu,excitatory
I5,Glu,Glu,excitatory
I6,"unknown (orphan, unc-47 expression)",UNK,modulatory
IL1DL,Glu,Glu,excitatory
IL1DR,Glu,Glu,excitatory
IL1L,Glu,Glu,excitatory
IL1R,Glu,Glu,excitatory
IL1VL,Glu,Glu,excitatory
IL1VR,Glu,Glu,excitatory
IL2DL,ACh,ACh,excitatory
IL2DR,ACh,ACh,excitatory
IL2L,ACh,ACh,excitatory
IL2R,ACh,ACh,excitatory
IL2VL,ACh,ACh,excitatory
IL2VR,ACh,ACh,excitatory
LUAL,Glu,Glu,excitatory
LUAR,Glu,Glu,excitatory
M1,ACh,ACh,excitatory
M2L,ACh,ACh,excitatory
M2R,ACh,ACh,excitatory
M3L,Glu,Glu,excitatory
M3R,Glu,Glu,excitatory
M4,ACh,ACh,excitatory
M5,ACh,ACh,excitatory
MCL,ACh,ACh,excitatory
MCR,ACh,ACh,excitatory
MI,Glu,Glu,excitatory
NSML,5-HT,5HT,modulatory
NSMR,5-HT,5HT,modulatory
OLLL,Glu,Glu,excitatory
OLLR,Glu,Glu,excitatory
OLQDL,Glu,Glu,excitatory
OLQDR,Glu,Glu,excitatory
OLQVL,Glu,Glu,excitatory
OLQVR,Glu,Glu,excitatory
PDA,ACh,ACh,excitatory
PDB,ACh,ACh,excitatory
PDEL,DA,DA,modulatory
PDER,DA,DA,modulatory
PHAL,*Glu,Glu,excitatory
PHAR,*Glu,Glu,excitatory
PHBL,Glu,Glu,excitatory
PHBR,Glu,Glu,excitatory
PHCL,Glu,Glu,excitatory
PHCR,Glu,Glu,excitatory
PLML,Glu,Glu,excitatory
PLMR,Glu,Glu,excitatory
PLNL,ACh,ACh,excitatory
PLNR,ACh,ACh,excitatory
PQR,Glu,Glu,excitatory
PVCL,ACh,ACh,excitatory
PVCR,ACh,ACh,excitatory
PVDL,Glu,Glu,excitatory
PVDR,Glu,Glu,excitatory
PVM,unknown (orphan),UNK,modulatory
PVNL,ACh,ACh,excitatory
PVNR,ACh,ACh,excitatory
PVPL,ACh,ACh,excitatory
PVPR,ACh,ACh,excitatory
PVQL,unknown (orphan),UNK,modulatory
PVQR,unknown (orphan),UNK,modulatory
PVR,Glu,Glu,excitatory
PVT,"unknown (orphan, unc-47 expression)",UNK,modulatory
PVWL,"unknown (orphan, unc-46 expression)",UNK,modulatory
PVWR,"unknown (orphan, unc-46 expression)",UNK,modulatory
RIAL,Glu,Glu,excitatory
RIAR,Glu,Glu,excitatory
RIBL,GABA,GABA,inhibitory
RIBR,GABA,GABA,inhibitory
RICL,octopamine,OCT,modulatory
RICR,octopamine,OCT,modulatory
RID,"Unknown (orphan, unc-47 expression)",UNK,modulatory
RIFL,ACh,ACh,excitatory
RIFR,ACh,ACh,excitatory
RIGL,Glu,Glu,excitatory
RIGR,Glu,Glu,excitatory
RIH,ACh,ACh,excitatory
RIML,Glu,Glu,excitatory
RIMR,Glu,Glu,excitatory
RIPL,ACh - NEW,ACh,excitatory
RIPR,ACh - NEW,ACh,excitatory
RIR,ACh,ACh,excitatory
RIS,GABA,GABA,inhibitory
RIVL,ACh,ACh,excitatory
RIVR,ACh,ACh,excitatory
RMDDL,ACh,ACh,excitatory
RMDDR,ACh,ACh,excitatory
RMDL,ACh,ACh,excitatory
RMDR,ACh,ACh,excitatory
RMDVL,ACh,ACh,excitatory
RMDVR,ACh,ACh,excitatory
RMED,GABA,GABA,inhibitory
RMEL,GABA,GABA,inhibitory
RMER,GABA,GABA,inhibitory
RMEV,GABA,GABA,inhibitory
RMFL,ACh,ACh,excitatory
RMFR,ACh,ACh,excitatory
RMGL,unknown (orphan),UNK,modulatory
RMGR,unknown (orphan),UNK,modulatory
RMHL,ACh,ACh,excitatory
RMHR,ACh,ACh,excitatory
SAADL,ACh,ACh,excitatory
SAADR,ACh,ACh,excitatory
SAAVL,ACh,ACh,excitatory
SAAVR,ACh,ACh,excitatory
SABD,ACh,ACh,excitatory
SABVL,ACh,ACh,excitatory
SABVR,ACh,ACh,excitatory
SDQL,ACh,ACh,excitatory
SDQR,ACh,ACh,excitatory
SIADL,ACh,ACh,excitatory
SIADR,ACh,ACh,excitatory
SIAVL,ACh,ACh,excitatory
SIAVR,ACh,ACh,excitatory
SIBDL,ACh,ACh,excitatory
SIBDR,ACh,ACh,excitatory
SIBVL,ACh,ACh,excitatory
SIBVR,ACh,ACh,excitatory
SMBDL,ACh,ACh,excitatory
SMBDR,ACh,ACh,excitatory
SMBVL,ACh,ACh,excitatory
SMBVR,ACh,ACh,excitatory
SMDDL,ACh,ACh,excitatory
SMDDR,ACh,ACh,excitatory
SMDVL,ACh,ACh,excitatory
SMDVR,ACh,ACh,excitatory
URADL,ACh,ACh,excitatory
URADR,ACh,ACh,excitatory
URAVL,ACh,ACh,excitatory
URAVR,ACh,ACh,excitatory
URBL,ACh,ACh,excitatory
URBR,ACh,ACh,excitatory
URXL,ACh,ACh,excitatory
URXR,ACh,ACh,excitatory
URYDL,Glu,Glu,excitatory
URYDR,Glu,Glu,excitatory
URYVL,Glu,Glu,excitatory
URYVR,Glu,Glu,excitatory
VA1,ACh,ACh,excitatory
VA2,ACh,ACh,excitatory
VA3,ACh,ACh,excitatory
VA4,ACh,ACh,excitatory
VA5,ACh,ACh,excitatory
VA6,ACh,ACh,excitatory
VA7,ACh,ACh,excitatory
VA8,ACh,ACh,excitatory
VA9,ACh,ACh,excitatory
VA10,ACh,ACh,excitatory
VA11,ACh,ACh,excitatory
VA12,ACh,ACh,excitatory
VB1,ACh,ACh,excitatory
VB2,ACh,ACh,excitatory
VB3,ACh,ACh,excitatory
VB4,ACh,ACh,excitatory
VB5,ACh,ACh,excitatory
VB6,ACh,ACh,excitatory
VB7,ACh,ACh,excitatory
VB8,ACh,ACh,excitatory
VB9,ACh,ACh,excitatory
VB10,ACh,ACh,excitatory
VB11,ACh,ACh,excitatory
VC1,ACh,ACh,excitatory
VC2,ACh,ACh,excitatory
VC3,ACh,ACh,excitatory
VC4,ACh,ACh,excitatory
VC5,ACh,ACh,excitatory
VC6,ACh,ACh,excitatory
VD1,GABA,GABA,inhibitory
VD2,GABA,GABA,inhibitory
VD3,GABA,GABA,inhibitory
VD4,GABA,GABA,inhibitory
VD5,GABA,GABA,inhibitory
VD6,GABA,GABA,inhibitory
VD7,GABA,GABA,inhibitory
VD8,GABA,GABA,inhibitory
VD9,GABA,GABA,inhibitory
VD10,GABA,GABA,inhibitory
VD11,GABA,GABA,inhibitory
VD12,GABA,GABA,inhibitory
VD13,GABA,GABA,inhibitory
